source_path,review_path,bytes,category
server/[timeline-addons]/k5_documents/web/build/mechaniclogo.jpg,_REVIEW_THIRD_PARTY/timeline-addons/k5_documents/web/build/mechaniclogo.jpg,54834,third-party-license-review
server/[timeline-addons]/k5_documents/web/build/static/media/city_logo.008b591a2d4e6445d96c.png,_REVIEW_THIRD_PARTY/timeline-addons/k5_documents/web/build/static/media/city_logo.008b591a2d4e6445d96c.png,285092,third-party-license-review
server/[timeline-addons]/myDj/html/webfonts/Icons/fa-brands-400.svg,_REVIEW_THIRD_PARTY/timeline-addons/myDj/html/webfonts/Icons/fa-brands-400.svg,747545,third-party-license-review
server/[timeline-addons]/myDj/html/webfonts/Icons/fa-brands-400.ttf,_REVIEW_THIRD_PARTY/timeline-addons/myDj/html/webfonts/Icons/fa-brands-400.ttf,136516,third-party-license-review
server/[timeline-addons]/myDj/html/webfonts/Icons/fa-regular-400.eot,_REVIEW_THIRD_PARTY/timeline-addons/myDj/html/webfonts/Icons/fa-regular-400.eot,34350,third-party-license-review
server/[timeline-addons]/myDj/html/webfonts/Icons/fa-regular-400.woff,_REVIEW_THIRD_PARTY/timeline-addons/myDj/html/webfonts/Icons/fa-regular-400.woff,16776,third-party-license-review
server/[timeline-addons]/myDj/html/webfonts/Icons/fa-regular-400.woff2,_REVIEW_THIRD_PARTY/timeline-addons/myDj/html/webfonts/Icons/fa-regular-400.woff2,13588,third-party-license-review
server/[timeline-addons]/myDj/html/webfonts/Icons/fa-solid-900.eot,_REVIEW_THIRD_PARTY/timeline-addons/myDj/html/webfonts/Icons/fa-solid-900.eot,204814,third-party-license-review
server/[timeline-addons]/myDj/html/webfonts/Icons/fa-regular-400.svg,_REVIEW_THIRD_PARTY/timeline-addons/myDj/html/webfonts/Icons/fa-regular-400.svg,144714,third-party-license-review
server/[timeline-addons]/myDj/html/webfonts/Icons/fa-brands-400.eot,_REVIEW_THIRD_PARTY/timeline-addons/myDj/html/webfonts/Icons/fa-brands-400.eot,136822,third-party-license-review
server/[timeline-addons]/myDj/html/webfonts/Icons/fa-brands-400.woff2,_REVIEW_THIRD_PARTY/timeline-addons/myDj/html/webfonts/Icons/fa-brands-400.woff2,78472,third-party-license-review
server/[timeline-addons]/myDj/html/webfonts/Icons/fa-regular-400.ttf,_REVIEW_THIRD_PARTY/timeline-addons/myDj/html/webfonts/Icons/fa-regular-400.ttf,34052,third-party-license-review
server/[timeline-addons]/myDj/html/webfonts/Icons/fa-solid-900.svg,_REVIEW_THIRD_PARTY/timeline-addons/myDj/html/webfonts/Icons/fa-solid-900.svg,917575,third-party-license-review
server/[timeline-addons]/myDj/html/webfonts/Icons/fa-solid-900.woff2,_REVIEW_THIRD_PARTY/timeline-addons/myDj/html/webfonts/Icons/fa-solid-900.woff2,80252,third-party-license-review
server/[timeline-addons]/myDj/html/webfonts/Icons/fa-brands-400.woff,_REVIEW_THIRD_PARTY/timeline-addons/myDj/html/webfonts/Icons/fa-brands-400.woff,92136,third-party-license-review
server/[timeline-addons]/myDj/html/webfonts/Icons/fa-solid-900.woff,_REVIEW_THIRD_PARTY/timeline-addons/myDj/html/webfonts/Icons/fa-solid-900.woff,104280,third-party-license-review
server/[timeline-addons]/myDj/html/webfonts/Icons/fa-solid-900.ttf,_REVIEW_THIRD_PARTY/timeline-addons/myDj/html/webfonts/Icons/fa-solid-900.ttf,204528,third-party-license-review
server/[timeline-addons]/myDj/html/img/djpult.png,_REVIEW_THIRD_PARTY/timeline-addons/myDj/html/img/djpult.png,142874,third-party-license-review
server/[timeline-addons]/jg-handling/web/dist/jg-logo.png,_REVIEW_THIRD_PARTY/timeline-addons/jg-handling/web/dist/jg-logo.png,5346,third-party-license-review
server/[timeline-addons]/jg-handling/web/dist/jg-timing-box-v2.png,_REVIEW_THIRD_PARTY/timeline-addons/jg-handling/web/dist/jg-timing-box-v2.png,31900,third-party-license-review
server/[timeline-addons]/cds_farming/html/assets/fonts/Orbitron-Medium.ttf,_REVIEW_THIRD_PARTY/timeline-addons/cds_farming/html/assets/fonts/Orbitron-Medium.ttf,24412,third-party-license-review
server/[timeline-addons]/cds_farming/html/assets/fonts/Orbitron-ExtraBold.ttf,_REVIEW_THIRD_PARTY/timeline-addons/cds_farming/html/assets/fonts/Orbitron-ExtraBold.ttf,24368,third-party-license-review
server/[timeline-addons]/cds_farming/html/assets/fonts/Orbitron-SemiBold.ttf,_REVIEW_THIRD_PARTY/timeline-addons/cds_farming/html/assets/fonts/Orbitron-SemiBold.ttf,24400,third-party-license-review
server/[timeline-addons]/cds_farming/html/assets/fonts/Orbitron-Regular.ttf,_REVIEW_THIRD_PARTY/timeline-addons/cds_farming/html/assets/fonts/Orbitron-Regular.ttf,24368,third-party-license-review
server/[timeline-addons]/cds_farming/html/assets/fonts/Orbitron-Bold.ttf,_REVIEW_THIRD_PARTY/timeline-addons/cds_farming/html/assets/fonts/Orbitron-Bold.ttf,24308,third-party-license-review
server/[timeline-addons]/cds_farming/html/assets/fonts/Orbitron-Black.ttf,_REVIEW_THIRD_PARTY/timeline-addons/cds_farming/html/assets/fonts/Orbitron-Black.ttf,23048,third-party-license-review
server/[timeline-addons]/cds_farming/html/assets/img/item-money.svg,_REVIEW_THIRD_PARTY/timeline-addons/cds_farming/html/assets/img/item-money.svg,399,third-party-license-review
server/[timeline-addons]/cds_farming/html/assets/img/bg.png,_REVIEW_THIRD_PARTY/timeline-addons/cds_farming/html/assets/img/bg.png,3305244,third-party-license-review
server/[timeline-addons]/cds_farming/html/assets/img/item-input.svg,_REVIEW_THIRD_PARTY/timeline-addons/cds_farming/html/assets/img/item-input.svg,399,third-party-license-review
server/[timeline-addons]/cds_farming/html/assets/img/item-default.svg,_REVIEW_THIRD_PARTY/timeline-addons/cds_farming/html/assets/img/item-default.svg,2321,third-party-license-review
server/[timeline-addons]/cds_farming/html/assets/img/logo.png,_REVIEW_THIRD_PARTY/timeline-addons/cds_farming/html/assets/img/logo.png,204180,third-party-license-review
server/[timeline-addons]/cds_farming/html/assets/img/item-output.svg,_REVIEW_THIRD_PARTY/timeline-addons/cds_farming/html/assets/img/item-output.svg,399,third-party-license-review
server/[timeline-addons]/rtx_tv/html/media/exampleaudio.mp3,_REVIEW_THIRD_PARTY/timeline-addons/rtx_tv/html/media/exampleaudio.mp3,3390484,third-party-license-review
server/[timeline-addons]/rtx_tv/html/media/examplevideo.mp4,_REVIEW_THIRD_PARTY/timeline-addons/rtx_tv/html/media/examplevideo.mp4,5378062,third-party-license-review
server/[timeline-addons]/rtx_tv/html/BebasNeueBold.ttf,_REVIEW_THIRD_PARTY/timeline-addons/rtx_tv/html/BebasNeueBold.ttf,103880,third-party-license-review
server/[timeline-addons]/rtx_tv/html/img/close.png,_REVIEW_THIRD_PARTY/timeline-addons/rtx_tv/html/img/close.png,757,third-party-license-review
server/[timeline-addons]/17mov_VehicleDirtSystem/installation/images/mov_advanced_wax.png,_REVIEW_THIRD_PARTY/timeline-addons/17mov_VehicleDirtSystem/installation/images/mov_advanced_wax.png,6102,third-party-license-review
server/[timeline-addons]/17mov_VehicleDirtSystem/installation/images/mov_basic_wax.png,_REVIEW_THIRD_PARTY/timeline-addons/17mov_VehicleDirtSystem/installation/images/mov_basic_wax.png,5872,third-party-license-review
server/[timeline-addons]/17mov_VehicleDirtSystem/installation/images/mov_advanced_ceramic.png,_REVIEW_THIRD_PARTY/timeline-addons/17mov_VehicleDirtSystem/installation/images/mov_advanced_ceramic.png,6237,third-party-license-review
server/[timeline-addons]/17mov_VehicleDirtSystem/installation/images/mov_basic_ceramic.png,_REVIEW_THIRD_PARTY/timeline-addons/17mov_VehicleDirtSystem/installation/images/mov_basic_ceramic.png,6072,third-party-license-review
server/[timeline-addons]/17mov_VehicleDirtSystem/web/assets/fonts/Akrobat/Akrobat-Light.ttf,_REVIEW_THIRD_PARTY/timeline-addons/17mov_VehicleDirtSystem/web/assets/fonts/Akrobat/Akrobat-Light.ttf,84300,third-party-license-review
server/[timeline-addons]/17mov_VehicleDirtSystem/web/assets/fonts/Akrobat/Akrobat-Regular.ttf,_REVIEW_THIRD_PARTY/timeline-addons/17mov_VehicleDirtSystem/web/assets/fonts/Akrobat/Akrobat-Regular.ttf,83892,third-party-license-review
server/[timeline-addons]/17mov_VehicleDirtSystem/web/assets/fonts/Akrobat/Akrobat-Black.ttf,_REVIEW_THIRD_PARTY/timeline-addons/17mov_VehicleDirtSystem/web/assets/fonts/Akrobat/Akrobat-Black.ttf,88344,third-party-license-review
server/[timeline-addons]/17mov_VehicleDirtSystem/web/assets/fonts/Akrobat/Akrobat-SemiBold.ttf,_REVIEW_THIRD_PARTY/timeline-addons/17mov_VehicleDirtSystem/web/assets/fonts/Akrobat/Akrobat-SemiBold.ttf,87412,third-party-license-review
server/[timeline-addons]/17mov_VehicleDirtSystem/web/assets/fonts/Akrobat/Akrobat-ExtraBold.ttf,_REVIEW_THIRD_PARTY/timeline-addons/17mov_VehicleDirtSystem/web/assets/fonts/Akrobat/Akrobat-ExtraBold.ttf,89412,third-party-license-review
server/[timeline-addons]/17mov_VehicleDirtSystem/web/assets/fonts/Akrobat/Akrobat-Bold.ttf,_REVIEW_THIRD_PARTY/timeline-addons/17mov_VehicleDirtSystem/web/assets/fonts/Akrobat/Akrobat-Bold.ttf,88272,third-party-license-review
server/[timeline-addons]/17mov_VehicleDirtSystem/web/assets/fonts/Akrobat/Akrobat-ExtraLight.ttf,_REVIEW_THIRD_PARTY/timeline-addons/17mov_VehicleDirtSystem/web/assets/fonts/Akrobat/Akrobat-ExtraLight.ttf,84364,third-party-license-review
server/[timeline-addons]/17mov_VehicleDirtSystem/web/assets/fonts/Akrobat/Akrobat-Thin.ttf,_REVIEW_THIRD_PARTY/timeline-addons/17mov_VehicleDirtSystem/web/assets/fonts/Akrobat/Akrobat-Thin.ttf,84808,third-party-license-review
server/[timeline-addons]/17mov_VehicleDirtSystem/web/assets/fonts/Morganite/Morganite-Book.woff,_REVIEW_THIRD_PARTY/timeline-addons/17mov_VehicleDirtSystem/web/assets/fonts/Morganite/Morganite-Book.woff,36804,third-party-license-review
server/[timeline-addons]/17mov_VehicleDirtSystem/web/assets/fonts/Morganite/Morganite-ExtraBoldItalic.woff,_REVIEW_THIRD_PARTY/timeline-addons/17mov_VehicleDirtSystem/web/assets/fonts/Morganite/Morganite-ExtraBoldItalic.woff,33304,third-party-license-review
server/[timeline-addons]/17mov_VehicleDirtSystem/web/assets/fonts/Morganite/Morganite-BoldItalic.woff,_REVIEW_THIRD_PARTY/timeline-addons/17mov_VehicleDirtSystem/web/assets/fonts/Morganite/Morganite-BoldItalic.woff,34208,third-party-license-review
server/[timeline-addons]/17mov_VehicleDirtSystem/web/assets/fonts/Morganite/Morganite-SemiBoldItalic.woff,_REVIEW_THIRD_PARTY/timeline-addons/17mov_VehicleDirtSystem/web/assets/fonts/Morganite/Morganite-SemiBoldItalic.woff,33508,third-party-license-review
server/[timeline-addons]/17mov_VehicleDirtSystem/web/assets/fonts/Morganite/Morganite-ExtraLight.woff,_REVIEW_THIRD_PARTY/timeline-addons/17mov_VehicleDirtSystem/web/assets/fonts/Morganite/Morganite-ExtraLight.woff,34612,third-party-license-review
server/[timeline-addons]/17mov_VehicleDirtSystem/web/assets/fonts/Morganite/Morganite-Bold.woff,_REVIEW_THIRD_PARTY/timeline-addons/17mov_VehicleDirtSystem/web/assets/fonts/Morganite/Morganite-Bold.woff,36848,third-party-license-review
server/[timeline-addons]/17mov_VehicleDirtSystem/web/assets/fonts/Morganite/Morganite-MediumItalic.woff,_REVIEW_THIRD_PARTY/timeline-addons/17mov_VehicleDirtSystem/web/assets/fonts/Morganite/Morganite-MediumItalic.woff,33336,third-party-license-review
server/[timeline-addons]/17mov_VehicleDirtSystem/web/assets/fonts/Morganite/Morganite-SemiBold.woff,_REVIEW_THIRD_PARTY/timeline-addons/17mov_VehicleDirtSystem/web/assets/fonts/Morganite/Morganite-SemiBold.woff,36976,third-party-license-review
server/[timeline-addons]/17mov_VehicleDirtSystem/web/assets/fonts/Morganite/Morganite-ExtraLightItalic.woff,_REVIEW_THIRD_PARTY/timeline-addons/17mov_VehicleDirtSystem/web/assets/fonts/Morganite/Morganite-ExtraLightItalic.woff,32680,third-party-license-review
server/[timeline-addons]/17mov_VehicleDirtSystem/web/assets/fonts/Morganite/Morganite-ExtraBold.woff,_REVIEW_THIRD_PARTY/timeline-addons/17mov_VehicleDirtSystem/web/assets/fonts/Morganite/Morganite-ExtraBold.woff,36456,third-party-license-review
server/[timeline-addons]/17mov_VehicleDirtSystem/web/assets/fonts/Morganite/Morganite-Black.woff,_REVIEW_THIRD_PARTY/timeline-addons/17mov_VehicleDirtSystem/web/assets/fonts/Morganite/Morganite-Black.woff,36924,third-party-license-review
server/[timeline-addons]/17mov_VehicleDirtSystem/web/assets/fonts/Morganite/Morganite-Light.woff,_REVIEW_THIRD_PARTY/timeline-addons/17mov_VehicleDirtSystem/web/assets/fonts/Morganite/Morganite-Light.woff,36056,third-party-license-review
server/[timeline-addons]/17mov_VehicleDirtSystem/web/assets/fonts/Morganite/Morganite-Medium.woff,_REVIEW_THIRD_PARTY/timeline-addons/17mov_VehicleDirtSystem/web/assets/fonts/Morganite/Morganite-Medium.woff,36328,third-party-license-review
server/[timeline-addons]/17mov_VehicleDirtSystem/web/assets/fonts/Morganite/Morganite-BlackItalic.woff,_REVIEW_THIRD_PARTY/timeline-addons/17mov_VehicleDirtSystem/web/assets/fonts/Morganite/Morganite-BlackItalic.woff,33112,third-party-license-review
server/[timeline-addons]/17mov_VehicleDirtSystem/web/assets/fonts/Morganite/Morganite-BookItalic.woff,_REVIEW_THIRD_PARTY/timeline-addons/17mov_VehicleDirtSystem/web/assets/fonts/Morganite/Morganite-BookItalic.woff,33456,third-party-license-review
server/[timeline-addons]/17mov_VehicleDirtSystem/web/assets/fonts/Morganite/Morganite-LightItalic.woff,_REVIEW_THIRD_PARTY/timeline-addons/17mov_VehicleDirtSystem/web/assets/fonts/Morganite/Morganite-LightItalic.woff,33592,third-party-license-review
server/[timeline-addons]/17mov_VehicleDirtSystem/web/assets/fonts/Morganite/Morganite-ThinItalic.woff,_REVIEW_THIRD_PARTY/timeline-addons/17mov_VehicleDirtSystem/web/assets/fonts/Morganite/Morganite-ThinItalic.woff,31496,third-party-license-review
server/[timeline-addons]/17mov_VehicleDirtSystem/web/assets/fonts/Morganite/Morganite-Thin.woff,_REVIEW_THIRD_PARTY/timeline-addons/17mov_VehicleDirtSystem/web/assets/fonts/Morganite/Morganite-Thin.woff,30340,third-party-license-review
server/[timeline-addons]/17mov_VehicleDirtSystem/web/assets/fonts/Montserrat/Montserrat-Regular.ttf,_REVIEW_THIRD_PARTY/timeline-addons/17mov_VehicleDirtSystem/web/assets/fonts/Montserrat/Montserrat-Regular.ttf,197976,third-party-license-review
server/[timeline-addons]/17mov_VehicleDirtSystem/web/assets/fonts/Montserrat/Montserrat-Bold.ttf,_REVIEW_THIRD_PARTY/timeline-addons/17mov_VehicleDirtSystem/web/assets/fonts/Montserrat/Montserrat-Bold.ttf,198072,third-party-license-review
server/[timeline-addons]/17mov_VehicleDirtSystem/web/assets/fonts/Gilroy/Gilroy-MediumItalic.ttf,_REVIEW_THIRD_PARTY/timeline-addons/17mov_VehicleDirtSystem/web/assets/fonts/Gilroy/Gilroy-MediumItalic.ttf,158800,third-party-license-review
server/[timeline-addons]/17mov_VehicleDirtSystem/web/assets/fonts/Gilroy/Gilroy-ExtraBoldItalic.ttf,_REVIEW_THIRD_PARTY/timeline-addons/17mov_VehicleDirtSystem/web/assets/fonts/Gilroy/Gilroy-ExtraBoldItalic.ttf,145560,third-party-license-review
server/[timeline-addons]/17mov_VehicleDirtSystem/web/assets/fonts/Gilroy/Gilroy-LightItalic.ttf,_REVIEW_THIRD_PARTY/timeline-addons/17mov_VehicleDirtSystem/web/assets/fonts/Gilroy/Gilroy-LightItalic.ttf,163840,third-party-license-review
server/[timeline-addons]/17mov_VehicleDirtSystem/web/assets/fonts/Gilroy/Gilroy-UltraLight.ttf,_REVIEW_THIRD_PARTY/timeline-addons/17mov_VehicleDirtSystem/web/assets/fonts/Gilroy/Gilroy-UltraLight.ttf,149692,third-party-license-review
server/[timeline-addons]/17mov_VehicleDirtSystem/web/assets/fonts/Gilroy/Gilroy-ThinItalic.ttf,_REVIEW_THIRD_PARTY/timeline-addons/17mov_VehicleDirtSystem/web/assets/fonts/Gilroy/Gilroy-ThinItalic.ttf,166064,third-party-license-review
server/[timeline-addons]/17mov_VehicleDirtSystem/web/assets/fonts/Gilroy/Gilroy-ExtraBold.ttf,_REVIEW_THIRD_PARTY/timeline-addons/17mov_VehicleDirtSystem/web/assets/fonts/Gilroy/Gilroy-ExtraBold.ttf,133044,third-party-license-review
server/[timeline-addons]/17mov_VehicleDirtSystem/web/assets/fonts/Gilroy/Gilroy-Light.ttf,_REVIEW_THIRD_PARTY/timeline-addons/17mov_VehicleDirtSystem/web/assets/fonts/Gilroy/Gilroy-Light.ttf,147128,third-party-license-review
server/[timeline-addons]/17mov_VehicleDirtSystem/web/assets/fonts/Gilroy/Gilroy-Heavy.ttf,_REVIEW_THIRD_PARTY/timeline-addons/17mov_VehicleDirtSystem/web/assets/fonts/Gilroy/Gilroy-Heavy.ttf,126880,third-party-license-review
server/[timeline-addons]/17mov_VehicleDirtSystem/web/assets/fonts/Gilroy/Gilroy-Black.ttf,_REVIEW_THIRD_PARTY/timeline-addons/17mov_VehicleDirtSystem/web/assets/fonts/Gilroy/Gilroy-Black.ttf,131924,third-party-license-review
server/[timeline-addons]/17mov_VehicleDirtSystem/web/assets/fonts/Gilroy/Gilroy-Bold.ttf,_REVIEW_THIRD_PARTY/timeline-addons/17mov_VehicleDirtSystem/web/assets/fonts/Gilroy/Gilroy-Bold.ttf,137256,third-party-license-review
server/[timeline-addons]/17mov_VehicleDirtSystem/web/assets/fonts/Gilroy/Gilroy-Thin.ttf,_REVIEW_THIRD_PARTY/timeline-addons/17mov_VehicleDirtSystem/web/assets/fonts/Gilroy/Gilroy-Thin.ttf,150092,third-party-license-review
server/[timeline-addons]/17mov_VehicleDirtSystem/web/assets/fonts/Gilroy/Gilroy-BoldItalic.ttf,_REVIEW_THIRD_PARTY/timeline-addons/17mov_VehicleDirtSystem/web/assets/fonts/Gilroy/Gilroy-BoldItalic.ttf,150396,third-party-license-review
server/[timeline-addons]/17mov_VehicleDirtSystem/web/assets/fonts/Gilroy/Gilroy-SemiBoldItalic.ttf,_REVIEW_THIRD_PARTY/timeline-addons/17mov_VehicleDirtSystem/web/assets/fonts/Gilroy/Gilroy-SemiBoldItalic.ttf,153272,third-party-license-review
server/[timeline-addons]/17mov_VehicleDirtSystem/web/assets/fonts/Gilroy/Gilroy-Regular.ttf,_REVIEW_THIRD_PARTY/timeline-addons/17mov_VehicleDirtSystem/web/assets/fonts/Gilroy/Gilroy-Regular.ttf,145148,third-party-license-review
server/[timeline-addons]/17mov_VehicleDirtSystem/web/assets/fonts/Gilroy/Gilroy-RegularItalic.ttf,_REVIEW_THIRD_PARTY/timeline-addons/17mov_VehicleDirtSystem/web/assets/fonts/Gilroy/Gilroy-RegularItalic.ttf,163684,third-party-license-review
server/[timeline-addons]/17mov_VehicleDirtSystem/web/assets/fonts/Gilroy/Gilroy-BlackItalic.ttf,_REVIEW_THIRD_PARTY/timeline-addons/17mov_VehicleDirtSystem/web/assets/fonts/Gilroy/Gilroy-BlackItalic.ttf,139308,third-party-license-review
server/[timeline-addons]/17mov_VehicleDirtSystem/web/assets/fonts/Gilroy/Gilroy-UltraLightItalic.ttf,_REVIEW_THIRD_PARTY/timeline-addons/17mov_VehicleDirtSystem/web/assets/fonts/Gilroy/Gilroy-UltraLightItalic.ttf,167608,third-party-license-review
server/[timeline-addons]/17mov_VehicleDirtSystem/web/assets/fonts/Gilroy/Gilroy-Medium.ttf,_REVIEW_THIRD_PARTY/timeline-addons/17mov_VehicleDirtSystem/web/assets/fonts/Gilroy/Gilroy-Medium.ttf,143724,third-party-license-review
server/[timeline-addons]/17mov_VehicleDirtSystem/web/assets/fonts/Gilroy/Gilroy-SemiBold.ttf,_REVIEW_THIRD_PARTY/timeline-addons/17mov_VehicleDirtSystem/web/assets/fonts/Gilroy/Gilroy-SemiBold.ttf,139820,third-party-license-review
server/[timeline-addons]/17mov_VehicleDirtSystem/web/assets/fonts/Gilroy/Gilroy-HeavyItalic.ttf,_REVIEW_THIRD_PARTY/timeline-addons/17mov_VehicleDirtSystem/web/assets/fonts/Gilroy/Gilroy-HeavyItalic.ttf,135324,third-party-license-review
server/[timeline-addons]/17mov_VehicleDirtSystem/web/assets/images/mov_advanced_wax.png,_REVIEW_THIRD_PARTY/timeline-addons/17mov_VehicleDirtSystem/web/assets/images/mov_advanced_wax.png,6102,third-party-license-review
server/[timeline-addons]/17mov_VehicleDirtSystem/web/assets/images/mud_texture.png,_REVIEW_THIRD_PARTY/timeline-addons/17mov_VehicleDirtSystem/web/assets/images/mud_texture.png,2168649,third-party-license-review
server/[timeline-addons]/17mov_VehicleDirtSystem/web/assets/images/mouseicon.svg,_REVIEW_THIRD_PARTY/timeline-addons/17mov_VehicleDirtSystem/web/assets/images/mouseicon.svg,1561,third-party-license-review
server/[timeline-addons]/17mov_VehicleDirtSystem/web/assets/images/BasketIcon.svg,_REVIEW_THIRD_PARTY/timeline-addons/17mov_VehicleDirtSystem/web/assets/images/BasketIcon.svg,3964,third-party-license-review
server/[timeline-addons]/17mov_VehicleDirtSystem/web/assets/images/DecorationLines.svg,_REVIEW_THIRD_PARTY/timeline-addons/17mov_VehicleDirtSystem/web/assets/images/DecorationLines.svg,546,third-party-license-review
server/[timeline-addons]/17mov_VehicleDirtSystem/web/assets/images/mov_basic_wax.png,_REVIEW_THIRD_PARTY/timeline-addons/17mov_VehicleDirtSystem/web/assets/images/mov_basic_wax.png,5872,third-party-license-review
server/[timeline-addons]/17mov_VehicleDirtSystem/web/assets/images/mov_advanced_ceramic.png,_REVIEW_THIRD_PARTY/timeline-addons/17mov_VehicleDirtSystem/web/assets/images/mov_advanced_ceramic.png,6237,third-party-license-review
server/[timeline-addons]/17mov_VehicleDirtSystem/web/assets/images/vehicle_generic_tyrewall_dirt.png,_REVIEW_THIRD_PARTY/timeline-addons/17mov_VehicleDirtSystem/web/assets/images/vehicle_generic_tyrewall_dirt.png,309615,third-party-license-review
server/[timeline-addons]/17mov_VehicleDirtSystem/web/assets/images/TrashIcon.svg,_REVIEW_THIRD_PARTY/timeline-addons/17mov_VehicleDirtSystem/web/assets/images/TrashIcon.svg,2423,third-party-license-review
server/[timeline-addons]/17mov_VehicleDirtSystem/web/assets/images/lines.png,_REVIEW_THIRD_PARTY/timeline-addons/17mov_VehicleDirtSystem/web/assets/images/lines.png,10760,third-party-license-review
server/[timeline-addons]/17mov_VehicleDirtSystem/web/assets/images/mov_basic_ceramic.png,_REVIEW_THIRD_PARTY/timeline-addons/17mov_VehicleDirtSystem/web/assets/images/mov_basic_ceramic.png,6072,third-party-license-review
server/[timeline-addons]/17mov_VehicleDirtSystem/web/assets/images/background.png,_REVIEW_THIRD_PARTY/timeline-addons/17mov_VehicleDirtSystem/web/assets/images/background.png,3112467,third-party-license-review
server/[timeline-addons]/hex_3_vehicleshop/html/img/cash-icon.svg,_REVIEW_THIRD_PARTY/timeline-addons/hex_3_vehicleshop/html/img/cash-icon.svg,195586,third-party-license-review
server/[timeline-addons]/hex_3_vehicleshop/html/img/item_bg-2.svg,_REVIEW_THIRD_PARTY/timeline-addons/hex_3_vehicleshop/html/img/item_bg-2.svg,503,third-party-license-review
server/[timeline-addons]/hex_3_vehicleshop/html/img/shapes.svg,_REVIEW_THIRD_PARTY/timeline-addons/hex_3_vehicleshop/html/img/shapes.svg,1376,third-party-license-review
server/[timeline-addons]/hex_3_vehicleshop/html/img/header_car.svg,_REVIEW_THIRD_PARTY/timeline-addons/hex_3_vehicleshop/html/img/header_car.svg,86073,third-party-license-review
server/[timeline-addons]/hex_3_vehicleshop/html/img/item_bg.svg,_REVIEW_THIRD_PARTY/timeline-addons/hex_3_vehicleshop/html/img/item_bg.svg,521,third-party-license-review
server/[timeline-addons]/kq_outfitbag/html/fonts/quicksand.ttf,_REVIEW_THIRD_PARTY/timeline-addons/kq_outfitbag/html/fonts/quicksand.ttf,124884,third-party-license-review
server/[timeline-addons]/kq_outfitbag/html/img/outfitbag.png,_REVIEW_THIRD_PARTY/timeline-addons/kq_outfitbag/html/img/outfitbag.png,1437188,third-party-license-review
server/[timeline-addons]/kq_outfitbag/html/img/trash.png,_REVIEW_THIRD_PARTY/timeline-addons/kq_outfitbag/html/img/trash.png,4385,third-party-license-review
server/[timeline-addons]/kq_outfitbag/_qb_setup/kq_outfitbag.png,_REVIEW_THIRD_PARTY/timeline-addons/kq_outfitbag/_qb_setup/kq_outfitbag.png,77474,third-party-license-review
server/[timeline-addons]/hex_3_warehouse/html/img/icon_bg.svg,_REVIEW_THIRD_PARTY/timeline-addons/hex_3_warehouse/html/img/icon_bg.svg,519,third-party-license-review
server/[timeline-addons]/hex_3_warehouse/html/img/sell.svg,_REVIEW_THIRD_PARTY/timeline-addons/hex_3_warehouse/html/img/sell.svg,174399,third-party-license-review
server/[timeline-addons]/hex_3_warehouse/html/img/storages/storage_1.png,_REVIEW_THIRD_PARTY/timeline-addons/hex_3_warehouse/html/img/storages/storage_1.png,873306,third-party-license-review
server/[timeline-addons]/hex_3_warehouse/html/img/storages/storage_2.png,_REVIEW_THIRD_PARTY/timeline-addons/hex_3_warehouse/html/img/storages/storage_2.png,764063,third-party-license-review
server/[timeline-addons]/hex_3_warehouse/html/img/storages/storage_3.png,_REVIEW_THIRD_PARTY/timeline-addons/hex_3_warehouse/html/img/storages/storage_3.png,803018,third-party-license-review
server/[timeline-addons]/hex_3_warehouse/html/img/shapes.svg,_REVIEW_THIRD_PARTY/timeline-addons/hex_3_warehouse/html/img/shapes.svg,1376,third-party-license-review
server/[timeline-addons]/hex_3_warehouse/html/img/storage_img-hall.svg,_REVIEW_THIRD_PARTY/timeline-addons/hex_3_warehouse/html/img/storage_img-hall.svg,121850,third-party-license-review
server/[timeline-addons]/hex_3_warehouse/html/img/items/money.png,_REVIEW_THIRD_PARTY/timeline-addons/hex_3_warehouse/html/img/items/money.png,175390,third-party-license-review
server/[timeline-addons]/hex_3_warehouse/html/img/item_bg.svg,_REVIEW_THIRD_PARTY/timeline-addons/hex_3_warehouse/html/img/item_bg.svg,894,third-party-license-review
server/[timeline-addons]/hex_3_warehouse/html/img/backpack.svg,_REVIEW_THIRD_PARTY/timeline-addons/hex_3_warehouse/html/img/backpack.svg,126663,third-party-license-review
server/[timeline-addons]/hex_3_warehouse/html/img/login_lock.svg,_REVIEW_THIRD_PARTY/timeline-addons/hex_3_warehouse/html/img/login_lock.svg,118310,third-party-license-review
server/[timeline-addons]/hex_3_warehouse/html/img/login.svg,_REVIEW_THIRD_PARTY/timeline-addons/hex_3_warehouse/html/img/login.svg,95161,third-party-license-review
server/[timeline-addons]/hex_3_warehouse/html/img/warning.svg,_REVIEW_THIRD_PARTY/timeline-addons/hex_3_warehouse/html/img/warning.svg,65048,third-party-license-review
server/[timeline-addons]/CDS-Boombox/boombox/[InventoryImage]/boombox.png,_REVIEW_THIRD_PARTY/timeline-addons/CDS-Boombox/boombox/[InventoryImage]/boombox.png,46063,third-party-license-review
server/[timeline-addons]/CDS-Boombox/html/fonts/Orbitron-Medium.ttf,_REVIEW_THIRD_PARTY/timeline-addons/CDS-Boombox/html/fonts/Orbitron-Medium.ttf,24412,third-party-license-review
server/[timeline-addons]/CDS-Boombox/html/fonts/Orbitron-ExtraBold.ttf,_REVIEW_THIRD_PARTY/timeline-addons/CDS-Boombox/html/fonts/Orbitron-ExtraBold.ttf,24368,third-party-license-review
server/[timeline-addons]/CDS-Boombox/html/fonts/Orbitron-SemiBold.ttf,_REVIEW_THIRD_PARTY/timeline-addons/CDS-Boombox/html/fonts/Orbitron-SemiBold.ttf,24400,third-party-license-review
server/[timeline-addons]/CDS-Boombox/html/fonts/Orbitron-Regular.ttf,_REVIEW_THIRD_PARTY/timeline-addons/CDS-Boombox/html/fonts/Orbitron-Regular.ttf,24368,third-party-license-review
server/[timeline-addons]/CDS-Boombox/html/fonts/Orbitron-Bold.ttf,_REVIEW_THIRD_PARTY/timeline-addons/CDS-Boombox/html/fonts/Orbitron-Bold.ttf,24308,third-party-license-review
server/[timeline-addons]/CDS-Boombox/html/fonts/Orbitron-Black.ttf,_REVIEW_THIRD_PARTY/timeline-addons/CDS-Boombox/html/fonts/Orbitron-Black.ttf,23048,third-party-license-review
server/[timeline-addons]/CDS-Boombox/html/images/PLAYLIST3.png,_REVIEW_THIRD_PARTY/timeline-addons/CDS-Boombox/html/images/PLAYLIST3.png,9137,third-party-license-review
server/[timeline-addons]/CDS-Boombox/html/images/play.png,_REVIEW_THIRD_PARTY/timeline-addons/CDS-Boombox/html/images/play.png,494,third-party-license-review
server/[timeline-addons]/CDS-Boombox/html/images/playlistPP.png,_REVIEW_THIRD_PARTY/timeline-addons/CDS-Boombox/html/images/playlistPP.png,6881,third-party-license-review
server/[timeline-addons]/CDS-Boombox/html/images/PlayListbigPP.png,_REVIEW_THIRD_PARTY/timeline-addons/CDS-Boombox/html/images/PlayListbigPP.png,110252,third-party-license-review
server/[timeline-addons]/CDS-Boombox/html/images/home-1.png,_REVIEW_THIRD_PARTY/timeline-addons/CDS-Boombox/html/images/home-1.png,303,third-party-license-review
server/[timeline-addons]/CDS-Boombox/html/images/rightArrow.png,_REVIEW_THIRD_PARTY/timeline-addons/CDS-Boombox/html/images/rightArrow.png,259,third-party-license-review
server/[timeline-addons]/CDS-Boombox/html/images/plus.png,_REVIEW_THIRD_PARTY/timeline-addons/CDS-Boombox/html/images/plus.png,234,third-party-license-review
server/[timeline-addons]/CDS-Boombox/html/images/miniPlay.png,_REVIEW_THIRD_PARTY/timeline-addons/CDS-Boombox/html/images/miniPlay.png,989,third-party-license-review
server/[timeline-addons]/CDS-Boombox/html/images/miniPP.png,_REVIEW_THIRD_PARTY/timeline-addons/CDS-Boombox/html/images/miniPP.png,4222,third-party-license-review
server/[timeline-addons]/CDS-Boombox/html/images/bell.png,_REVIEW_THIRD_PARTY/timeline-addons/CDS-Boombox/html/images/bell.png,334,third-party-license-review
server/[timeline-addons]/CDS-Boombox/html/images/random-2.png,_REVIEW_THIRD_PARTY/timeline-addons/CDS-Boombox/html/images/random-2.png,504,third-party-license-review
server/[timeline-addons]/CDS-Boombox/html/images/twentyFoto.png,_REVIEW_THIRD_PARTY/timeline-addons/CDS-Boombox/html/images/twentyFoto.png,213727,third-party-license-review
server/[timeline-addons]/CDS-Boombox/html/images/cpya.png,_REVIEW_THIRD_PARTY/timeline-addons/CDS-Boombox/html/images/cpya.png,1349476,third-party-license-review
server/[timeline-addons]/CDS-Boombox/html/images/replay-1.png,_REVIEW_THIRD_PARTY/timeline-addons/CDS-Boombox/html/images/replay-1.png,321,third-party-license-review
server/[timeline-addons]/CDS-Boombox/html/images/uygur.png,_REVIEW_THIRD_PARTY/timeline-addons/CDS-Boombox/html/images/uygur.png,7146,third-party-license-review
server/[timeline-addons]/CDS-Boombox/html/images/dots.png,_REVIEW_THIRD_PARTY/timeline-addons/CDS-Boombox/html/images/dots.png,198,third-party-license-review
server/[timeline-addons]/CDS-Boombox/html/images/library-2.png,_REVIEW_THIRD_PARTY/timeline-addons/CDS-Boombox/html/images/library-2.png,207,third-party-license-review
server/[timeline-addons]/CDS-Boombox/html/images/library-1.png,_REVIEW_THIRD_PARTY/timeline-addons/CDS-Boombox/html/images/library-1.png,248,third-party-license-review
server/[timeline-addons]/CDS-Boombox/html/images/exit.png,_REVIEW_THIRD_PARTY/timeline-addons/CDS-Boombox/html/images/exit.png,464,third-party-license-review
server/[timeline-addons]/CDS-Boombox/html/images/menu-tick.png,_REVIEW_THIRD_PARTY/timeline-addons/CDS-Boombox/html/images/menu-tick.png,453,third-party-license-review
server/[timeline-addons]/CDS-Boombox/html/images/after.png,_REVIEW_THIRD_PARTY/timeline-addons/CDS-Boombox/html/images/after.png,297,third-party-license-review
server/[timeline-addons]/CDS-Boombox/html/images/smallSearch.png,_REVIEW_THIRD_PARTY/timeline-addons/CDS-Boombox/html/images/smallSearch.png,386,third-party-license-review
server/[timeline-addons]/CDS-Boombox/html/images/settings.png,_REVIEW_THIRD_PARTY/timeline-addons/CDS-Boombox/html/images/settings.png,198,third-party-license-review
server/[timeline-addons]/CDS-Boombox/html/images/sound.png,_REVIEW_THIRD_PARTY/timeline-addons/CDS-Boombox/html/images/sound.png,408,third-party-license-review
server/[timeline-addons]/CDS-Boombox/html/images/playlist.png,_REVIEW_THIRD_PARTY/timeline-addons/CDS-Boombox/html/images/playlist.png,1324,third-party-license-review
server/[timeline-addons]/CDS-Boombox/html/images/search-2.png,_REVIEW_THIRD_PARTY/timeline-addons/CDS-Boombox/html/images/search-2.png,424,third-party-license-review
server/[timeline-addons]/CDS-Boombox/html/images/home-2.png,_REVIEW_THIRD_PARTY/timeline-addons/CDS-Boombox/html/images/home-2.png,240,third-party-license-review
server/[timeline-addons]/CDS-Boombox/html/images/verybigPP.png,_REVIEW_THIRD_PARTY/timeline-addons/CDS-Boombox/html/images/verybigPP.png,94696,third-party-license-review
server/[timeline-addons]/CDS-Boombox/html/images/random-1.png,_REVIEW_THIRD_PARTY/timeline-addons/CDS-Boombox/html/images/random-1.png,473,third-party-license-review
server/[timeline-addons]/CDS-Boombox/html/images/LeftButton.png,_REVIEW_THIRD_PARTY/timeline-addons/CDS-Boombox/html/images/LeftButton.png,643,third-party-license-review
server/[timeline-addons]/CDS-Boombox/html/images/gg.png,_REVIEW_THIRD_PARTY/timeline-addons/CDS-Boombox/html/images/gg.png,1400623,third-party-license-review
server/[timeline-addons]/CDS-Boombox/html/images/categoryPicture.png,_REVIEW_THIRD_PARTY/timeline-addons/CDS-Boombox/html/images/categoryPicture.png,26261,third-party-license-review
server/[timeline-addons]/CDS-Boombox/html/images/Left.png,_REVIEW_THIRD_PARTY/timeline-addons/CDS-Boombox/html/images/Left.png,659,third-party-license-review
server/[timeline-addons]/CDS-Boombox/html/images/menu-trash.png,_REVIEW_THIRD_PARTY/timeline-addons/CDS-Boombox/html/images/menu-trash.png,407,third-party-license-review
"server/[timeline-addons]/CDS-Boombox/html/images/minutePage2,.png","_REVIEW_THIRD_PARTY/timeline-addons/CDS-Boombox/html/images/minutePage2,.png",483,third-party-license-review
server/[timeline-addons]/CDS-Boombox/html/images/search-1.png,_REVIEW_THIRD_PARTY/timeline-addons/CDS-Boombox/html/images/search-1.png,614,third-party-license-review
server/[timeline-addons]/CDS-Boombox/html/images/loading.png,_REVIEW_THIRD_PARTY/timeline-addons/CDS-Boombox/html/images/loading.png,3130,third-party-license-review
server/[timeline-addons]/CDS-Boombox/html/images/PLAYL#U0130ST3.png,_REVIEW_THIRD_PARTY/timeline-addons/CDS-Boombox/html/images/PLAYL#U0130ST3.png,9137,third-party-license-review
server/[timeline-addons]/CDS-Boombox/html/images/right.png,_REVIEW_THIRD_PARTY/timeline-addons/CDS-Boombox/html/images/right.png,646,third-party-license-review
server/[timeline-addons]/CDS-Boombox/html/images/fullscreen.png,_REVIEW_THIRD_PARTY/timeline-addons/CDS-Boombox/html/images/fullscreen.png,319,third-party-license-review
server/[timeline-addons]/CDS-Boombox/html/images/menu-plus.png,_REVIEW_THIRD_PARTY/timeline-addons/CDS-Boombox/html/images/menu-plus.png,234,third-party-license-review
server/[timeline-addons]/CDS-Boombox/html/images/greenheart.png,_REVIEW_THIRD_PARTY/timeline-addons/CDS-Boombox/html/images/greenheart.png,399,third-party-license-review
server/[timeline-addons]/CDS-Boombox/html/images/heart.png,_REVIEW_THIRD_PARTY/timeline-addons/CDS-Boombox/html/images/heart.png,359,third-party-license-review
server/[timeline-addons]/CDS-Boombox/html/images/tallRot.png,_REVIEW_THIRD_PARTY/timeline-addons/CDS-Boombox/html/images/tallRot.png,138,third-party-license-review
server/[timeline-addons]/CDS-Boombox/html/images/menu-search.png,_REVIEW_THIRD_PARTY/timeline-addons/CDS-Boombox/html/images/menu-search.png,370,third-party-license-review
server/[timeline-addons]/CDS-Boombox/html/images/liked-a.png,_REVIEW_THIRD_PARTY/timeline-addons/CDS-Boombox/html/images/liked-a.png,399,third-party-license-review
server/[timeline-addons]/CDS-Boombox/html/images/HeathensFoto.png,_REVIEW_THIRD_PARTY/timeline-addons/CDS-Boombox/html/images/HeathensFoto.png,373124,third-party-license-review
server/[timeline-addons]/CDS-Boombox/html/images/BigPlayer.png,_REVIEW_THIRD_PARTY/timeline-addons/CDS-Boombox/html/images/BigPlayer.png,1280,third-party-license-review
server/[timeline-addons]/CDS-Boombox/html/images/likedSongs.png,_REVIEW_THIRD_PARTY/timeline-addons/CDS-Boombox/html/images/likedSongs.png,47519,third-party-license-review
server/[timeline-addons]/CDS-Boombox/html/images/replay-2.png,_REVIEW_THIRD_PARTY/timeline-addons/CDS-Boombox/html/images/replay-2.png,386,third-party-license-review
server/[timeline-addons]/CDS-Boombox/html/images/pause.png,_REVIEW_THIRD_PARTY/timeline-addons/CDS-Boombox/html/images/pause.png,544,third-party-license-review
server/[timeline-addons]/CDS-Boombox/html/images/plus1.png,_REVIEW_THIRD_PARTY/timeline-addons/CDS-Boombox/html/images/plus1.png,501,third-party-license-review
server/[timeline-addons]/CDS-Boombox/html/images/settings-menu.png,_REVIEW_THIRD_PARTY/timeline-addons/CDS-Boombox/html/images/settings-menu.png,514,third-party-license-review
server/[timeline-addons]/CDS-Boombox/html/images/mediumpp.png,_REVIEW_THIRD_PARTY/timeline-addons/CDS-Boombox/html/images/mediumpp.png,59017,third-party-license-review
server/[timeline-addons]/CDS-Boombox/html/images/before.png,_REVIEW_THIRD_PARTY/timeline-addons/CDS-Boombox/html/images/before.png,288,third-party-license-review
server/[timeline-addons]/CDS-Boombox/html/images/off.png,_REVIEW_THIRD_PARTY/timeline-addons/CDS-Boombox/html/images/off.png,252,third-party-license-review
server/[timeline-addons]/rm_bountyboard/web/dist/vite.svg,_REVIEW_THIRD_PARTY/timeline-addons/rm_bountyboard/web/dist/vite.svg,1497,third-party-license-review
server/[timeline-addons]/dz-interrogation/images/torture_kit.png,_REVIEW_THIRD_PARTY/timeline-addons/dz-interrogation/images/torture_kit.png,16989,third-party-license-review
server/[timeline-addons]/exo-adminmenu/ui/assets/sounds/click.mp3,_REVIEW_THIRD_PARTY/timeline-addons/exo-adminmenu/ui/assets/sounds/click.mp3,13056,third-party-license-review
server/[timeline-addons]/exo-adminmenu/ui/assets/fonts/SB.otf,_REVIEW_THIRD_PARTY/timeline-addons/exo-adminmenu/ui/assets/fonts/SB.otf,96144,third-party-license-review
server/[timeline-addons]/exo-adminmenu/ui/assets/fonts/SM.otf,_REVIEW_THIRD_PARTY/timeline-addons/exo-adminmenu/ui/assets/fonts/SM.otf,93904,third-party-license-review
server/[timeline-addons]/exo-adminmenu/ui/assets/fonts/Bold.otf,_REVIEW_THIRD_PARTY/timeline-addons/exo-adminmenu/ui/assets/fonts/Bold.otf,39832,third-party-license-review
server/[timeline-addons]/exo-adminmenu/ui/assets/fonts/Thin.otf,_REVIEW_THIRD_PARTY/timeline-addons/exo-adminmenu/ui/assets/fonts/Thin.otf,37076,third-party-license-review
server/[timeline-addons]/exo-adminmenu/ui/assets/fonts/Medium.otf,_REVIEW_THIRD_PARTY/timeline-addons/exo-adminmenu/ui/assets/fonts/Medium.otf,39244,third-party-license-review
server/[timeline-addons]/exo-adminmenu/ui/assets/fonts/Demi.otf,_REVIEW_THIRD_PARTY/timeline-addons/exo-adminmenu/ui/assets/fonts/Demi.otf,40168,third-party-license-review
server/[timeline-addons]/exo-adminmenu/ui/assets/fonts/Book.otf,_REVIEW_THIRD_PARTY/timeline-addons/exo-adminmenu/ui/assets/fonts/Book.otf,38004,third-party-license-review
server/[timeline-addons]/exo-adminmenu/ui/assets/fonts/Black.otf,_REVIEW_THIRD_PARTY/timeline-addons/exo-adminmenu/ui/assets/fonts/Black.otf,41184,third-party-license-review
server/[timeline-addons]/exo-adminmenu/ui/assets/fonts/SD.otf,_REVIEW_THIRD_PARTY/timeline-addons/exo-adminmenu/ui/assets/fonts/SD.otf,95428,third-party-license-review
server/[timeline-addons]/exo-adminmenu/ui/assets/images/cubes.png,_REVIEW_THIRD_PARTY/timeline-addons/exo-adminmenu/ui/assets/images/cubes.png,2495,third-party-license-review
server/[timeline-addons]/exo-adminmenu/ui/assets/images/lines.png,_REVIEW_THIRD_PARTY/timeline-addons/exo-adminmenu/ui/assets/images/lines.png,30621,third-party-license-review
server/[timeline-addons]/exo-adminmenu/ui/assets/images/box.png,_REVIEW_THIRD_PARTY/timeline-addons/exo-adminmenu/ui/assets/images/box.png,1442,third-party-license-review
server/[timeline-addons]/nrg_alcoeffect/web/build/assets/DS-DIGIB.TTF,_REVIEW_THIRD_PARTY/timeline-addons/nrg_alcoeffect/web/build/assets/DS-DIGIB.TTF,24896,third-party-license-review
server/[timeline-addons]/nrg_alcoeffect/web/build/vite.svg,_REVIEW_THIRD_PARTY/timeline-addons/nrg_alcoeffect/web/build/vite.svg,1497,third-party-license-review
server/[timeline-addons]/nrg_alcoeffect/web/build2/assets/DS-DIGIB.TTF,_REVIEW_THIRD_PARTY/timeline-addons/nrg_alcoeffect/web/build2/assets/DS-DIGIB.TTF,24896,third-party-license-review
server/[timeline-addons]/nrg_alcoeffect/web/build2/vite.svg,_REVIEW_THIRD_PARTY/timeline-addons/nrg_alcoeffect/web/build2/vite.svg,1497,third-party-license-review
server/[timeline-addons]/nrg_alcoeffect/web/images/analyzer.png,_REVIEW_THIRD_PARTY/timeline-addons/nrg_alcoeffect/web/images/analyzer.png,212690,third-party-license-review
server/[timeline-addons]/nrg_alcoeffect/install/images/mojito.png,_REVIEW_THIRD_PARTY/timeline-addons/nrg_alcoeffect/install/images/mojito.png,171419,third-party-license-review
server/[timeline-addons]/nrg_alcoeffect/install/images/champagne_glass.png,_REVIEW_THIRD_PARTY/timeline-addons/nrg_alcoeffect/install/images/champagne_glass.png,156561,third-party-license-review
server/[timeline-addons]/nrg_alcoeffect/install/images/tequila.png,_REVIEW_THIRD_PARTY/timeline-addons/nrg_alcoeffect/install/images/tequila.png,151641,third-party-license-review
server/[timeline-addons]/nrg_alcoeffect/install/images/bloody_mary.png,_REVIEW_THIRD_PARTY/timeline-addons/nrg_alcoeffect/install/images/bloody_mary.png,161534,third-party-license-review
server/[timeline-addons]/nrg_alcoeffect/install/images/wine.png,_REVIEW_THIRD_PARTY/timeline-addons/nrg_alcoeffect/install/images/wine.png,142681,third-party-license-review
server/[timeline-addons]/nrg_alcoeffect/install/images/beer.png,_REVIEW_THIRD_PARTY/timeline-addons/nrg_alcoeffect/install/images/beer.png,139460,third-party-license-review
server/[timeline-addons]/nrg_alcoeffect/install/images/martini.png,_REVIEW_THIRD_PARTY/timeline-addons/nrg_alcoeffect/install/images/martini.png,162298,third-party-license-review
server/[timeline-addons]/nrg_alcoeffect/install/images/pina_colada.png,_REVIEW_THIRD_PARTY/timeline-addons/nrg_alcoeffect/install/images/pina_colada.png,166592,third-party-license-review
server/[timeline-addons]/nrg_alcoeffect/install/images/wine_glass.png,_REVIEW_THIRD_PARTY/timeline-addons/nrg_alcoeffect/install/images/wine_glass.png,2200077,third-party-license-review
server/[timeline-addons]/nrg_alcoeffect/install/images/rum.png,_REVIEW_THIRD_PARTY/timeline-addons/nrg_alcoeffect/install/images/rum.png,156483,third-party-license-review
server/[timeline-addons]/nrg_alcoeffect/install/images/whiskey.png,_REVIEW_THIRD_PARTY/timeline-addons/nrg_alcoeffect/install/images/whiskey.png,28608,third-party-license-review
server/[timeline-addons]/nrg_alcoeffect/install/images/tequila_shot.png,_REVIEW_THIRD_PARTY/timeline-addons/nrg_alcoeffect/install/images/tequila_shot.png,145543,third-party-license-review
server/[timeline-addons]/nrg_alcoeffect/install/images/whiskey_glass.png,_REVIEW_THIRD_PARTY/timeline-addons/nrg_alcoeffect/install/images/whiskey_glass.png,157055,third-party-license-review
server/[timeline-addons]/nrg_alcoeffect/install/images/vodka_shot.png,_REVIEW_THIRD_PARTY/timeline-addons/nrg_alcoeffect/install/images/vodka_shot.png,145543,third-party-license-review
server/[timeline-addons]/nrg_alcoeffect/install/images/vodka.png,_REVIEW_THIRD_PARTY/timeline-addons/nrg_alcoeffect/install/images/vodka.png,152327,third-party-license-review
server/[timeline-addons]/nrg_alcoeffect/install/images/rum_glass.png,_REVIEW_THIRD_PARTY/timeline-addons/nrg_alcoeffect/install/images/rum_glass.png,157055,third-party-license-review
server/[timeline-addons]/nrg_alcoeffect/install/images/sex_on_the_beach.png,_REVIEW_THIRD_PARTY/timeline-addons/nrg_alcoeffect/install/images/sex_on_the_beach.png,165646,third-party-license-review
server/[timeline-addons]/nrg_alcoeffect/install/images/breathalyzer.png,_REVIEW_THIRD_PARTY/timeline-addons/nrg_alcoeffect/install/images/breathalyzer.png,212690,third-party-license-review
server/[timeline-addons]/cds_pets/nui/fonts/flUhRq6tzZclQEJ-Vdg-IuiaDsNa.88899cc4.woff,_REVIEW_THIRD_PARTY/timeline-addons/cds_pets/nui/fonts/flUhRq6tzZclQEJ-Vdg-IuiaDsNa.88899cc4.woff,156048,third-party-license-review
server/[timeline-addons]/cds_pets/nui/fonts/flUhRq6tzZclQEJ-Vdg-IuiaDsNcIhQ8tQ.eae1cb5e.woff2,_REVIEW_THIRD_PARTY/timeline-addons/cds_pets/nui/fonts/flUhRq6tzZclQEJ-Vdg-IuiaDsNcIhQ8tQ.eae1cb5e.woff2,121600,third-party-license-review
server/[timeline-addons]/CDS_Skateboard/assets/inventory_images/skateboard.png,_REVIEW_THIRD_PARTY/timeline-addons/CDS_Skateboard/assets/inventory_images/skateboard.png,38035,third-party-license-review
server/[timeline-addons]/CDS_Red/image/viagra.png,_REVIEW_THIRD_PARTY/timeline-addons/CDS_Red/image/viagra.png,12502,third-party-license-review
server/[timeline-addons]/CDS_Red/image/levonorgestrel.png,_REVIEW_THIRD_PARTY/timeline-addons/CDS_Red/image/levonorgestrel.png,13803,third-party-license-review
server/[timeline-addons]/CDS_Red/image/mifepristone.png,_REVIEW_THIRD_PARTY/timeline-addons/CDS_Red/image/mifepristone.png,26763,third-party-license-review
server/[timeline-addons]/CDS_Red/image/testpack.png,_REVIEW_THIRD_PARTY/timeline-addons/CDS_Red/image/testpack.png,12282,third-party-license-review
server/[timeline-addons]/CDS_Red/image/condom.png,_REVIEW_THIRD_PARTY/timeline-addons/CDS_Red/image/condom.png,14696,third-party-license-review
server/[timeline-addons]/CDS_Billards/client/html/sounds.ogg,_REVIEW_THIRD_PARTY/timeline-addons/CDS_Billards/client/html/sounds.ogg,140345,third-party-license-review
server/[timeline-addons]/vin-shisha/html/hkohle.png,_REVIEW_THIRD_PARTY/timeline-addons/vin-shisha/html/hkohle.png,226060,third-party-license-review
server/[timeline-addons]/vin-shisha/html/designs/mainbg4.png,_REVIEW_THIRD_PARTY/timeline-addons/vin-shisha/html/designs/mainbg4.png,2177703,third-party-license-review
server/[timeline-addons]/vin-shisha/html/designs/mainbg5.png,_REVIEW_THIRD_PARTY/timeline-addons/vin-shisha/html/designs/mainbg5.png,2257877,third-party-license-review
server/[timeline-addons]/vin-shisha/html/designs/mainbg6.png,_REVIEW_THIRD_PARTY/timeline-addons/vin-shisha/html/designs/mainbg6.png,2234389,third-party-license-review
server/[timeline-addons]/vin-shisha/html/designs/mainbg.png,_REVIEW_THIRD_PARTY/timeline-addons/vin-shisha/html/designs/mainbg.png,1619902,third-party-license-review
server/[timeline-addons]/vin-shisha/html/designs/mainbg7.png,_REVIEW_THIRD_PARTY/timeline-addons/vin-shisha/html/designs/mainbg7.png,2224726,third-party-license-review
server/[timeline-addons]/vin-shisha/html/designs/mainbg2.png,_REVIEW_THIRD_PARTY/timeline-addons/vin-shisha/html/designs/mainbg2.png,2174018,third-party-license-review
server/[timeline-addons]/vin-shisha/html/designs/mainbg3.png,_REVIEW_THIRD_PARTY/timeline-addons/vin-shisha/html/designs/mainbg3.png,977487,third-party-license-review
server/[timeline-addons]/vin-shisha/html/designs/mainbg8.png,_REVIEW_THIRD_PARTY/timeline-addons/vin-shisha/html/designs/mainbg8.png,2257351,third-party-license-review
server/[timeline-addons]/vin-shisha/html/designs/mainbg1.png,_REVIEW_THIRD_PARTY/timeline-addons/vin-shisha/html/designs/mainbg1.png,2274031,third-party-license-review
server/[timeline-addons]/vin-shisha/html/designs/red.png,_REVIEW_THIRD_PARTY/timeline-addons/vin-shisha/html/designs/red.png,1535342,third-party-license-review
server/[timeline-addons]/vin-shisha/html/sounds/hookah.mp3,_REVIEW_THIRD_PARTY/timeline-addons/vin-shisha/html/sounds/hookah.mp3,49874,third-party-license-review
server/[timeline-addons]/vin-shisha/html/kopf_doppelapfel.png,_REVIEW_THIRD_PARTY/timeline-addons/vin-shisha/html/kopf_doppelapfel.png,33222,third-party-license-review
server/[timeline-addons]/vin-shisha/html/wasser.png,_REVIEW_THIRD_PARTY/timeline-addons/vin-shisha/html/wasser.png,150669,third-party-license-review
server/[timeline-addons]/vin-shisha/html/zitrone_tabak.png,_REVIEW_THIRD_PARTY/timeline-addons/vin-shisha/html/zitrone_tabak.png,33014,third-party-license-review
server/[timeline-addons]/vin-shisha/html/dapfel_tabak.png,_REVIEW_THIRD_PARTY/timeline-addons/vin-shisha/html/dapfel_tabak.png,33222,third-party-license-review
server/[timeline-addons]/vin-shisha/html/tm_tabak.png,_REVIEW_THIRD_PARTY/timeline-addons/vin-shisha/html/tm_tabak.png,34954,third-party-license-review
server/[timeline-addons]/vin-shisha/html/love_tabak.png,_REVIEW_THIRD_PARTY/timeline-addons/vin-shisha/html/love_tabak.png,36068,third-party-license-review
server/[timeline-addons]/vin-shisha/html/cinderella_tabak.png,_REVIEW_THIRD_PARTY/timeline-addons/vin-shisha/html/cinderella_tabak.png,36026,third-party-license-review
server/[timeline-addons]/vin-shisha/html/shisha.png,_REVIEW_THIRD_PARTY/timeline-addons/vin-shisha/html/shisha.png,745343,third-party-license-review
server/[timeline-addons]/vin-shisha/html/handgemacht_tabak.png,_REVIEW_THIRD_PARTY/timeline-addons/vin-shisha/html/handgemacht_tabak.png,34583,third-party-license-review
server/[timeline-addons]/vin-shisha/html/img/burner.png,_REVIEW_THIRD_PARTY/timeline-addons/vin-shisha/html/img/burner.png,122402,third-party-license-review
server/[timeline-addons]/vin-shisha/html/img/kohle_heiss.png,_REVIEW_THIRD_PARTY/timeline-addons/vin-shisha/html/img/kohle_heiss.png,215756,third-party-license-review
server/[timeline-addons]/vin-shisha/html/img/foil_holes.png,_REVIEW_THIRD_PARTY/timeline-addons/vin-shisha/html/img/foil_holes.png,100965,third-party-license-review
server/[timeline-addons]/vin-shisha/html/img/stecher.png,_REVIEW_THIRD_PARTY/timeline-addons/vin-shisha/html/img/stecher.png,73278,third-party-license-review
server/[timeline-addons]/vin-shisha/html/img/kohle_stueck.png,_REVIEW_THIRD_PARTY/timeline-addons/vin-shisha/html/img/kohle_stueck.png,598616,third-party-license-review
server/[timeline-addons]/vin-shisha/html/img/empty_bowl.png,_REVIEW_THIRD_PARTY/timeline-addons/vin-shisha/html/img/empty_bowl.png,67307,third-party-license-review
server/[timeline-addons]/vin-shisha/html/img/foil_clean.png,_REVIEW_THIRD_PARTY/timeline-addons/vin-shisha/html/img/foil_clean.png,94440,third-party-license-review
server/[timeline-addons]/vin-shisha/html/img/tabak_dose.png,_REVIEW_THIRD_PARTY/timeline-addons/vin-shisha/html/img/tabak_dose.png,130431,third-party-license-review
server/[timeline-addons]/vin-shisha/html/kohle.png,_REVIEW_THIRD_PARTY/timeline-addons/vin-shisha/html/kohle.png,598616,third-party-license-review
server/[timeline-addons]/ws_scoreboard-v2/html/assets/fonts/TTSupermolotNeue-CondMed.ttf,_REVIEW_THIRD_PARTY/timeline-addons/ws_scoreboard-v2/html/assets/fonts/TTSupermolotNeue-CondMed.ttf,75992,third-party-license-review
server/[timeline-addons]/ws_scoreboard-v2/html/assets/fonts/TTSupermolotNeue-CondRegular.ttf,_REVIEW_THIRD_PARTY/timeline-addons/ws_scoreboard-v2/html/assets/fonts/TTSupermolotNeue-CondRegular.ttf,77892,third-party-license-review
server/[timeline-addons]/ws_scoreboard-v2/html/assets/fonts/TTSupermolotNeue-CondDBold.ttf,_REVIEW_THIRD_PARTY/timeline-addons/ws_scoreboard-v2/html/assets/fonts/TTSupermolotNeue-CondDBold.ttf,75020,third-party-license-review
server/[timeline-addons]/ws_scoreboard-v2/html/assets/fonts/TTSupermolotNeue-CondBold.ttf,_REVIEW_THIRD_PARTY/timeline-addons/ws_scoreboard-v2/html/assets/fonts/TTSupermolotNeue-CondBold.ttf,76512,third-party-license-review
server/[timeline-addons]/ws_scoreboard-v2/html/assets/fonts/TTSupermolotNeue-CondXBold.ttf,_REVIEW_THIRD_PARTY/timeline-addons/ws_scoreboard-v2/html/assets/fonts/TTSupermolotNeue-CondXBold.ttf,75088,third-party-license-review
server/[timeline-addons]/ws_scoreboard-v2/html/assets/fonts/TTSupermolotNeue-CondBlack.ttf,_REVIEW_THIRD_PARTY/timeline-addons/ws_scoreboard-v2/html/assets/fonts/TTSupermolotNeue-CondBlack.ttf,70248,third-party-license-review
server/[timeline-addons]/ws_scoreboard-v2/html/assets/images/police.png,_REVIEW_THIRD_PARTY/timeline-addons/ws_scoreboard-v2/html/assets/images/police.png,2749,third-party-license-review
server/[timeline-addons]/ws_scoreboard-v2/html/assets/images/mechanic.png,_REVIEW_THIRD_PARTY/timeline-addons/ws_scoreboard-v2/html/assets/images/mechanic.png,1924,third-party-license-review
server/[timeline-addons]/ws_scoreboard-v2/html/assets/images/ambulance.png,_REVIEW_THIRD_PARTY/timeline-addons/ws_scoreboard-v2/html/assets/images/ambulance.png,2604,third-party-license-review
server/[timeline-addons]/ws_scoreboard-v2/html/assets/images/background_withoutplayercont.png,_REVIEW_THIRD_PARTY/timeline-addons/ws_scoreboard-v2/html/assets/images/background_withoutplayercont.png,1214496,third-party-license-review
server/[timeline-addons]/ws_scoreboard-v2/html/assets/images/army.png,_REVIEW_THIRD_PARTY/timeline-addons/ws_scoreboard-v2/html/assets/images/army.png,2488,third-party-license-review
server/[timeline-addons]/ws_scoreboard-v2/html/assets/images/box_fraction.png,_REVIEW_THIRD_PARTY/timeline-addons/ws_scoreboard-v2/html/assets/images/box_fraction.png,24551,third-party-license-review
server/[timeline-addons]/ws_scoreboard-v2/html/assets/images/background_container.png,_REVIEW_THIRD_PARTY/timeline-addons/ws_scoreboard-v2/html/assets/images/background_container.png,3572392,third-party-license-review
server/[timeline-addons]/17mov_Miner/web/assets/sounds/minecart.wav,_REVIEW_THIRD_PARTY/timeline-addons/17mov_Miner/web/assets/sounds/minecart.wav,1070404,third-party-license-review
server/[timeline-addons]/17mov_Miner/web/assets/sounds/pickaxe.wav,_REVIEW_THIRD_PARTY/timeline-addons/17mov_Miner/web/assets/sounds/pickaxe.wav,385254,third-party-license-review
server/[timeline-addons]/17mov_Miner/web/assets/sounds/lightsfailure.wav,_REVIEW_THIRD_PARTY/timeline-addons/17mov_Miner/web/assets/sounds/lightsfailure.wav,304752,third-party-license-review
server/[timeline-addons]/17mov_Miner/web/assets/sounds/explode.wav,_REVIEW_THIRD_PARTY/timeline-addons/17mov_Miner/web/assets/sounds/explode.wav,207438,third-party-license-review
server/[timeline-addons]/17mov_Miner/web/assets/sounds/gas.wav,_REVIEW_THIRD_PARTY/timeline-addons/17mov_Miner/web/assets/sounds/gas.wav,1319354,third-party-license-review
server/[timeline-addons]/17mov_Miner/web/assets/sounds/bonus.wav,_REVIEW_THIRD_PARTY/timeline-addons/17mov_Miner/web/assets/sounds/bonus.wav,35932,third-party-license-review
server/[timeline-addons]/17mov_Miner/web/assets/multiplayerlobby/newUser.svg,_REVIEW_THIRD_PARTY/timeline-addons/17mov_Miner/web/assets/multiplayerlobby/newUser.svg,29345,third-party-license-review
server/[timeline-addons]/17mov_Miner/web/assets/multiplayerlobby/clothingIcon.svg,_REVIEW_THIRD_PARTY/timeline-addons/17mov_Miner/web/assets/multiplayerlobby/clothingIcon.svg,178573,third-party-license-review
server/[timeline-addons]/17mov_Miner/web/assets/multiplayerlobby/hostIcon.svg,_REVIEW_THIRD_PARTY/timeline-addons/17mov_Miner/web/assets/multiplayerlobby/hostIcon.svg,214627,third-party-license-review
server/[timeline-addons]/17mov_Miner/web/assets/multiplayerlobby/Montserrat-Regular.ttf,_REVIEW_THIRD_PARTY/timeline-addons/17mov_Miner/web/assets/multiplayerlobby/Montserrat-Regular.ttf,197976,third-party-license-review
server/[timeline-addons]/17mov_Miner/web/assets/multiplayerlobby/kickIcon.svg,_REVIEW_THIRD_PARTY/timeline-addons/17mov_Miner/web/assets/multiplayerlobby/kickIcon.svg,981,third-party-license-review
server/[timeline-addons]/17mov_Miner/web/assets/multiplayerlobby/inviteBtn.svg,_REVIEW_THIRD_PARTY/timeline-addons/17mov_Miner/web/assets/multiplayerlobby/inviteBtn.svg,1044,third-party-license-review
server/[timeline-addons]/17mov_Miner/web/assets/multiplayerlobby/Gilroy-Light.ttf,_REVIEW_THIRD_PARTY/timeline-addons/17mov_Miner/web/assets/multiplayerlobby/Gilroy-Light.ttf,147128,third-party-license-review
server/[timeline-addons]/17mov_Miner/web/assets/multiplayerlobby/decoration.svg,_REVIEW_THIRD_PARTY/timeline-addons/17mov_Miner/web/assets/multiplayerlobby/decoration.svg,456,third-party-license-review
server/[timeline-addons]/17mov_Miner/web/assets/multiplayerlobby/Montserrat-Bold.ttf,_REVIEW_THIRD_PARTY/timeline-addons/17mov_Miner/web/assets/multiplayerlobby/Montserrat-Bold.ttf,198072,third-party-license-review
server/[timeline-addons]/17mov_Miner/web/assets/multiplayerlobby/clientIcon.svg,_REVIEW_THIRD_PARTY/timeline-addons/17mov_Miner/web/assets/multiplayerlobby/clientIcon.svg,253335,third-party-license-review
server/[timeline-addons]/17mov_Miner/web/assets/multiplayerlobby/check.svg,_REVIEW_THIRD_PARTY/timeline-addons/17mov_Miner/web/assets/multiplayerlobby/check.svg,572,third-party-license-review
server/[timeline-addons]/17mov_Miner/web/assets/multiplayerlobby/Gilroy-Bold.ttf,_REVIEW_THIRD_PARTY/timeline-addons/17mov_Miner/web/assets/multiplayerlobby/Gilroy-Bold.ttf,137256,third-party-license-review
server/[timeline-addons]/17mov_Miner/web/assets/multiplayerlobby/Gilroy-Thin.ttf,_REVIEW_THIRD_PARTY/timeline-addons/17mov_Miner/web/assets/multiplayerlobby/Gilroy-Thin.ttf,150092,third-party-license-review
server/[timeline-addons]/17mov_Miner/web/assets/multiplayerlobby/cash.svg,_REVIEW_THIRD_PARTY/timeline-addons/17mov_Miner/web/assets/multiplayerlobby/cash.svg,50292,third-party-license-review
server/[timeline-addons]/17mov_Miner/web/assets/multiplayerlobby/Morganite-Medium.ttf,_REVIEW_THIRD_PARTY/timeline-addons/17mov_Miner/web/assets/multiplayerlobby/Morganite-Medium.ttf,98520,third-party-license-review
server/[timeline-addons]/17mov_Miner/web/assets/multiplayerlobby/home.svg,_REVIEW_THIRD_PARTY/timeline-addons/17mov_Miner/web/assets/multiplayerlobby/home.svg,920,third-party-license-review
server/[timeline-addons]/17mov_Miner/web/assets/multiplayerlobby/xMark.svg,_REVIEW_THIRD_PARTY/timeline-addons/17mov_Miner/web/assets/multiplayerlobby/xMark.svg,704,third-party-license-review
server/[timeline-addons]/17mov_Miner/web/assets/multiplayerlobby/management.svg,_REVIEW_THIRD_PARTY/timeline-addons/17mov_Miner/web/assets/multiplayerlobby/management.svg,1791,third-party-license-review
server/[timeline-addons]/17mov_Miner/web/assets/multiplayerlobby/Gilroy-Medium.ttf,_REVIEW_THIRD_PARTY/timeline-addons/17mov_Miner/web/assets/multiplayerlobby/Gilroy-Medium.ttf,143724,third-party-license-review
server/[timeline-addons]/17mov_Miner/web/assets/multiplayerlobby/strokes.svg,_REVIEW_THIRD_PARTY/timeline-addons/17mov_Miner/web/assets/multiplayerlobby/strokes.svg,1547,third-party-license-review
server/[timeline-addons]/17mov_Miner/web/assets/fonts/Akrobat/Akrobat-Light.ttf,_REVIEW_THIRD_PARTY/timeline-addons/17mov_Miner/web/assets/fonts/Akrobat/Akrobat-Light.ttf,84300,third-party-license-review
server/[timeline-addons]/17mov_Miner/web/assets/fonts/Akrobat/Akrobat-Regular.ttf,_REVIEW_THIRD_PARTY/timeline-addons/17mov_Miner/web/assets/fonts/Akrobat/Akrobat-Regular.ttf,83892,third-party-license-review
server/[timeline-addons]/17mov_Miner/web/assets/fonts/Akrobat/Akrobat-Black.ttf,_REVIEW_THIRD_PARTY/timeline-addons/17mov_Miner/web/assets/fonts/Akrobat/Akrobat-Black.ttf,88344,third-party-license-review
server/[timeline-addons]/17mov_Miner/web/assets/fonts/Akrobat/Akrobat-SemiBold.ttf,_REVIEW_THIRD_PARTY/timeline-addons/17mov_Miner/web/assets/fonts/Akrobat/Akrobat-SemiBold.ttf,87412,third-party-license-review
server/[timeline-addons]/17mov_Miner/web/assets/fonts/Akrobat/Akrobat-ExtraBold.ttf,_REVIEW_THIRD_PARTY/timeline-addons/17mov_Miner/web/assets/fonts/Akrobat/Akrobat-ExtraBold.ttf,89412,third-party-license-review
server/[timeline-addons]/17mov_Miner/web/assets/fonts/Akrobat/Akrobat-Bold.ttf,_REVIEW_THIRD_PARTY/timeline-addons/17mov_Miner/web/assets/fonts/Akrobat/Akrobat-Bold.ttf,88272,third-party-license-review
server/[timeline-addons]/17mov_Miner/web/assets/fonts/Akrobat/Akrobat-ExtraLight.ttf,_REVIEW_THIRD_PARTY/timeline-addons/17mov_Miner/web/assets/fonts/Akrobat/Akrobat-ExtraLight.ttf,84364,third-party-license-review
server/[timeline-addons]/17mov_Miner/web/assets/fonts/Akrobat/Akrobat-Thin.ttf,_REVIEW_THIRD_PARTY/timeline-addons/17mov_Miner/web/assets/fonts/Akrobat/Akrobat-Thin.ttf,84808,third-party-license-review
server/[timeline-addons]/17mov_Miner/web/assets/fonts/Morganite/Morganite-Book.woff,_REVIEW_THIRD_PARTY/timeline-addons/17mov_Miner/web/assets/fonts/Morganite/Morganite-Book.woff,36804,third-party-license-review
server/[timeline-addons]/17mov_Miner/web/assets/fonts/Morganite/Morganite-ExtraBoldItalic.woff,_REVIEW_THIRD_PARTY/timeline-addons/17mov_Miner/web/assets/fonts/Morganite/Morganite-ExtraBoldItalic.woff,33304,third-party-license-review
server/[timeline-addons]/17mov_Miner/web/assets/fonts/Morganite/Morganite-BoldItalic.woff,_REVIEW_THIRD_PARTY/timeline-addons/17mov_Miner/web/assets/fonts/Morganite/Morganite-BoldItalic.woff,34208,third-party-license-review
server/[timeline-addons]/17mov_Miner/web/assets/fonts/Morganite/Morganite-SemiBoldItalic.woff,_REVIEW_THIRD_PARTY/timeline-addons/17mov_Miner/web/assets/fonts/Morganite/Morganite-SemiBoldItalic.woff,33508,third-party-license-review
server/[timeline-addons]/17mov_Miner/web/assets/fonts/Morganite/Morganite-ExtraLight.woff,_REVIEW_THIRD_PARTY/timeline-addons/17mov_Miner/web/assets/fonts/Morganite/Morganite-ExtraLight.woff,34612,third-party-license-review
server/[timeline-addons]/17mov_Miner/web/assets/fonts/Morganite/Morganite-Bold.woff,_REVIEW_THIRD_PARTY/timeline-addons/17mov_Miner/web/assets/fonts/Morganite/Morganite-Bold.woff,36848,third-party-license-review
server/[timeline-addons]/17mov_Miner/web/assets/fonts/Morganite/Morganite-MediumItalic.woff,_REVIEW_THIRD_PARTY/timeline-addons/17mov_Miner/web/assets/fonts/Morganite/Morganite-MediumItalic.woff,33336,third-party-license-review
server/[timeline-addons]/17mov_Miner/web/assets/fonts/Morganite/Morganite-SemiBold.woff,_REVIEW_THIRD_PARTY/timeline-addons/17mov_Miner/web/assets/fonts/Morganite/Morganite-SemiBold.woff,36976,third-party-license-review
server/[timeline-addons]/17mov_Miner/web/assets/fonts/Morganite/Morganite-ExtraLightItalic.woff,_REVIEW_THIRD_PARTY/timeline-addons/17mov_Miner/web/assets/fonts/Morganite/Morganite-ExtraLightItalic.woff,32680,third-party-license-review
server/[timeline-addons]/17mov_Miner/web/assets/fonts/Morganite/Morganite-ExtraBold.woff,_REVIEW_THIRD_PARTY/timeline-addons/17mov_Miner/web/assets/fonts/Morganite/Morganite-ExtraBold.woff,36456,third-party-license-review
server/[timeline-addons]/17mov_Miner/web/assets/fonts/Morganite/Morganite-Black.woff,_REVIEW_THIRD_PARTY/timeline-addons/17mov_Miner/web/assets/fonts/Morganite/Morganite-Black.woff,36924,third-party-license-review
server/[timeline-addons]/17mov_Miner/web/assets/fonts/Morganite/Morganite-Light.woff,_REVIEW_THIRD_PARTY/timeline-addons/17mov_Miner/web/assets/fonts/Morganite/Morganite-Light.woff,36056,third-party-license-review
server/[timeline-addons]/17mov_Miner/web/assets/fonts/Morganite/Morganite-Medium.woff,_REVIEW_THIRD_PARTY/timeline-addons/17mov_Miner/web/assets/fonts/Morganite/Morganite-Medium.woff,36328,third-party-license-review
server/[timeline-addons]/17mov_Miner/web/assets/fonts/Morganite/Morganite-BlackItalic.woff,_REVIEW_THIRD_PARTY/timeline-addons/17mov_Miner/web/assets/fonts/Morganite/Morganite-BlackItalic.woff,33112,third-party-license-review
server/[timeline-addons]/17mov_Miner/web/assets/fonts/Morganite/Morganite-BookItalic.woff,_REVIEW_THIRD_PARTY/timeline-addons/17mov_Miner/web/assets/fonts/Morganite/Morganite-BookItalic.woff,33456,third-party-license-review
server/[timeline-addons]/17mov_Miner/web/assets/fonts/Morganite/Morganite-LightItalic.woff,_REVIEW_THIRD_PARTY/timeline-addons/17mov_Miner/web/assets/fonts/Morganite/Morganite-LightItalic.woff,33592,third-party-license-review
server/[timeline-addons]/17mov_Miner/web/assets/fonts/Morganite/Morganite-ThinItalic.woff,_REVIEW_THIRD_PARTY/timeline-addons/17mov_Miner/web/assets/fonts/Morganite/Morganite-ThinItalic.woff,31496,third-party-license-review
server/[timeline-addons]/17mov_Miner/web/assets/fonts/Morganite/Morganite-Thin.woff,_REVIEW_THIRD_PARTY/timeline-addons/17mov_Miner/web/assets/fonts/Morganite/Morganite-Thin.woff,30340,third-party-license-review
server/[timeline-addons]/17mov_Miner/web/assets/fonts/Montserrat/Montserrat-Regular.ttf,_REVIEW_THIRD_PARTY/timeline-addons/17mov_Miner/web/assets/fonts/Montserrat/Montserrat-Regular.ttf,197976,third-party-license-review
server/[timeline-addons]/17mov_Miner/web/assets/fonts/Montserrat/Montserrat-Bold.ttf,_REVIEW_THIRD_PARTY/timeline-addons/17mov_Miner/web/assets/fonts/Montserrat/Montserrat-Bold.ttf,198072,third-party-license-review
server/[timeline-addons]/17mov_Miner/web/assets/fonts/Gilroy/Gilroy-MediumItalic.ttf,_REVIEW_THIRD_PARTY/timeline-addons/17mov_Miner/web/assets/fonts/Gilroy/Gilroy-MediumItalic.ttf,158800,third-party-license-review
server/[timeline-addons]/17mov_Miner/web/assets/fonts/Gilroy/Gilroy-ExtraBoldItalic.ttf,_REVIEW_THIRD_PARTY/timeline-addons/17mov_Miner/web/assets/fonts/Gilroy/Gilroy-ExtraBoldItalic.ttf,145560,third-party-license-review
server/[timeline-addons]/17mov_Miner/web/assets/fonts/Gilroy/Gilroy-LightItalic.ttf,_REVIEW_THIRD_PARTY/timeline-addons/17mov_Miner/web/assets/fonts/Gilroy/Gilroy-LightItalic.ttf,163840,third-party-license-review
server/[timeline-addons]/17mov_Miner/web/assets/fonts/Gilroy/Gilroy-UltraLight.ttf,_REVIEW_THIRD_PARTY/timeline-addons/17mov_Miner/web/assets/fonts/Gilroy/Gilroy-UltraLight.ttf,149692,third-party-license-review
server/[timeline-addons]/17mov_Miner/web/assets/fonts/Gilroy/Gilroy-ThinItalic.ttf,_REVIEW_THIRD_PARTY/timeline-addons/17mov_Miner/web/assets/fonts/Gilroy/Gilroy-ThinItalic.ttf,166064,third-party-license-review
server/[timeline-addons]/17mov_Miner/web/assets/fonts/Gilroy/Gilroy-ExtraBold.ttf,_REVIEW_THIRD_PARTY/timeline-addons/17mov_Miner/web/assets/fonts/Gilroy/Gilroy-ExtraBold.ttf,133044,third-party-license-review
server/[timeline-addons]/17mov_Miner/web/assets/fonts/Gilroy/Gilroy-Light.ttf,_REVIEW_THIRD_PARTY/timeline-addons/17mov_Miner/web/assets/fonts/Gilroy/Gilroy-Light.ttf,147128,third-party-license-review
server/[timeline-addons]/17mov_Miner/web/assets/fonts/Gilroy/Gilroy-Heavy.ttf,_REVIEW_THIRD_PARTY/timeline-addons/17mov_Miner/web/assets/fonts/Gilroy/Gilroy-Heavy.ttf,126880,third-party-license-review
server/[timeline-addons]/17mov_Miner/web/assets/fonts/Gilroy/Gilroy-Black.ttf,_REVIEW_THIRD_PARTY/timeline-addons/17mov_Miner/web/assets/fonts/Gilroy/Gilroy-Black.ttf,131924,third-party-license-review
server/[timeline-addons]/17mov_Miner/web/assets/fonts/Gilroy/Gilroy-Bold.ttf,_REVIEW_THIRD_PARTY/timeline-addons/17mov_Miner/web/assets/fonts/Gilroy/Gilroy-Bold.ttf,137256,third-party-license-review
server/[timeline-addons]/17mov_Miner/web/assets/fonts/Gilroy/Gilroy-Thin.ttf,_REVIEW_THIRD_PARTY/timeline-addons/17mov_Miner/web/assets/fonts/Gilroy/Gilroy-Thin.ttf,150092,third-party-license-review
server/[timeline-addons]/17mov_Miner/web/assets/fonts/Gilroy/Gilroy-BoldItalic.ttf,_REVIEW_THIRD_PARTY/timeline-addons/17mov_Miner/web/assets/fonts/Gilroy/Gilroy-BoldItalic.ttf,150396,third-party-license-review
server/[timeline-addons]/17mov_Miner/web/assets/fonts/Gilroy/Gilroy-SemiBoldItalic.ttf,_REVIEW_THIRD_PARTY/timeline-addons/17mov_Miner/web/assets/fonts/Gilroy/Gilroy-SemiBoldItalic.ttf,153272,third-party-license-review
server/[timeline-addons]/17mov_Miner/web/assets/fonts/Gilroy/Gilroy-Regular.ttf,_REVIEW_THIRD_PARTY/timeline-addons/17mov_Miner/web/assets/fonts/Gilroy/Gilroy-Regular.ttf,145148,third-party-license-review
server/[timeline-addons]/17mov_Miner/web/assets/fonts/Gilroy/Gilroy-RegularItalic.ttf,_REVIEW_THIRD_PARTY/timeline-addons/17mov_Miner/web/assets/fonts/Gilroy/Gilroy-RegularItalic.ttf,163684,third-party-license-review
server/[timeline-addons]/17mov_Miner/web/assets/fonts/Gilroy/Gilroy-BlackItalic.ttf,_REVIEW_THIRD_PARTY/timeline-addons/17mov_Miner/web/assets/fonts/Gilroy/Gilroy-BlackItalic.ttf,139308,third-party-license-review
server/[timeline-addons]/17mov_Miner/web/assets/fonts/Gilroy/Gilroy-UltraLightItalic.ttf,_REVIEW_THIRD_PARTY/timeline-addons/17mov_Miner/web/assets/fonts/Gilroy/Gilroy-UltraLightItalic.ttf,167608,third-party-license-review
server/[timeline-addons]/17mov_Miner/web/assets/fonts/Gilroy/Gilroy-Medium.ttf,_REVIEW_THIRD_PARTY/timeline-addons/17mov_Miner/web/assets/fonts/Gilroy/Gilroy-Medium.ttf,143724,third-party-license-review
server/[timeline-addons]/17mov_Miner/web/assets/fonts/Gilroy/Gilroy-SemiBold.ttf,_REVIEW_THIRD_PARTY/timeline-addons/17mov_Miner/web/assets/fonts/Gilroy/Gilroy-SemiBold.ttf,139820,third-party-license-review
server/[timeline-addons]/17mov_Miner/web/assets/fonts/Gilroy/Gilroy-HeavyItalic.ttf,_REVIEW_THIRD_PARTY/timeline-addons/17mov_Miner/web/assets/fonts/Gilroy/Gilroy-HeavyItalic.ttf,135324,third-party-license-review
server/[timeline-addons]/hex_arcades/dui/favicon.svg,_REVIEW_THIRD_PARTY/timeline-addons/hex_arcades/dui/favicon.svg,9522,third-party-license-review
server/[timeline-addons]/hex_arcades/dui/icons.svg,_REVIEW_THIRD_PARTY/timeline-addons/hex_arcades/dui/icons.svg,5031,third-party-license-review
server/[timeline-addons]/RiP-Graffiti/nui/assets/fa-light-300-CsIbtatK.woff2,_REVIEW_THIRD_PARTY/timeline-addons/RiP-Graffiti/nui/assets/fa-light-300-CsIbtatK.woff2,366248,third-party-license-review
server/[timeline-addons]/RiP-Graffiti/nui/assets/fa-duotone-regular-400-Cx_1-N2-.woff2,_REVIEW_THIRD_PARTY/timeline-addons/RiP-Graffiti/nui/assets/fa-duotone-regular-400-Cx_1-N2-.woff2,481044,third-party-license-review
server/[timeline-addons]/RiP-Graffiti/nui/assets/fa-duotone-900-Bxa1mK0y.woff2,_REVIEW_THIRD_PARTY/timeline-addons/RiP-Graffiti/nui/assets/fa-duotone-900-Bxa1mK0y.woff2,326968,third-party-license-review
server/[timeline-addons]/RiP-Graffiti/nui/assets/fa-brands-400-Co6qPm93.woff2,_REVIEW_THIRD_PARTY/timeline-addons/RiP-Graffiti/nui/assets/fa-brands-400-Co6qPm93.woff2,110076,third-party-license-review
server/[timeline-addons]/RiP-Graffiti/nui/assets/fa-regular-400-Dzw9S-Dd.woff2,_REVIEW_THIRD_PARTY/timeline-addons/RiP-Graffiti/nui/assets/fa-regular-400-Dzw9S-Dd.woff2,342108,third-party-license-review
server/[timeline-addons]/RiP-Graffiti/nui/assets/fa-solid-900-Ssz3Nst8.woff2,_REVIEW_THIRD_PARTY/timeline-addons/RiP-Graffiti/nui/assets/fa-solid-900-Ssz3Nst8.woff2,265848,third-party-license-review
